{"actions":[],"apps":[{"acl":{"app":[],"field":[],"record":[]},"app":null,"category":{"categories":[],"useCategory":"false"},"form":{"layout":"[{\"id\":null,\"type\":\"ROW\",\"isSubTable\":false,\"var\":null,\"label\":null,\"controlList\":[{\"isVirtical\":true,\"styleMap\":{\"width\":344},\"type\":\"USER_SELECT\",\"var\":\"Employee_Name\",\"label\":\"Employee Name\"}]},{\"id\":null,\"type\":\"ROW\",\"isSubTable\":false,\"var\":null,\"label\":null,\"controlList\":[{\"styleMap\":{\"width\":669},\"type\":\"HR\"}]},{\"id\":null,\"type\":\"ROW\",\"isSubTable\":false,\"var\":null,\"label\":null,\"controlList\":[{\"isVirtical\":true,\"styleMap\":{\"width\":145},\"type\":\"DECIMAL\",\"var\":\"Expertise_Score\",\"label\":\"Expertise Score\"},{\"isVirtical\":true,\"styleMap\":{\"width\":248},\"type\":\"DECIMAL\",\"var\":\"Past_Performance\",\"label\":\"Success Rate (Past Performance)\"},{\"isVirtical\":true,\"styleMap\":{\"width\":276},\"type\":\"DECIMAL\",\"var\":\"Work_Load\",\"label\":\"Work Load (Number of Project Orders)\"}]}]","revision":null},"iconMeta":null,"info":{"automaticallyChooseTitleComponent":"true","code":null,"decimalPrecision":"16","decimalScale":"4","description":"","enableBulkDeletion":"false","enableRecordReuse":"true","fiscalYearStartMonth":"1","iconKey":"APP68","iconType":"PRESET","jsFiles":null,"jsScope":"ALL","name":"Team Management","roundingMode":"HALF_EVEN","theme":"PLAIN","titleComponentLocalId":null,"useComment":"true","useHistory":"true","useInlineEditAndDelete":"true","useThumbnail":"true"},"jsFiles":[],"notification":{"appNotifications":[{"events":["RECORD_COMMENT_ADDED"],"target":{"entityId":"6485680","entityType":"FIELD_ENTITY","includeSubs":"false"}},{"events":["RECORD_COMMENT_ADDED"],"target":{"entityId":"6485681","entityType":"FIELD_ENTITY","includeSubs":"false"}}],"recordNotifications":[],"reminderTimezone":null,"reminders":[],"useComment":"true","useReminder":"false"},"plugins":[],"reports":[],"resource":{"tables":[{"rows":[{"fields":[],"objectId":"0","subObjectId":"-1"}],"type":"AppName"},{"rows":[{"fields":[],"objectId":"0","subObjectId":"-1"}],"type":"AppDescription"},{"rows":[{"fields":[],"objectId":"6485679","subObjectId":"-1"},{"fields":[],"objectId":"6485680","subObjectId":"-1"},{"fields":[],"objectId":"6485681","subObjectId":"-1"},{"fields":[],"objectId":"6485682","subObjectId":"-1"},{"fields":[],"objectId":"6485683","subObjectId":"-1"},{"fields":[],"objectId":"6485684","subObjectId":"-1"},{"fields":[],"objectId":"6485685","subObjectId":"-1"},{"fields":[],"objectId":"6485686","subObjectId":"-1"},{"fields":[],"objectId":"6485702","subObjectId":"-1"},{"fields":[],"objectId":"6485703","subObjectId":"-1"},{"fields":[],"objectId":"6485717","subObjectId":"-1"},{"fields":[],"objectId":"6485721","subObjectId":"-1"}],"type":"FieldLabel"},{"rows":[{"fields":[],"objectId":"20","subObjectId":"-1"}],"type":"ViewName"},{"rows":[],"type":"CategoryName"}]},"schema":{"groups":[],"revision":null,"subTable":{},"table":{"fieldList":{"6485679":{"id":"6485679","label":"Record number","properties":{"noLabel":"false","required":"true"},"type":"RECORD_ID","var":"Record_number"},"6485680":{"id":"6485680","label":"Updated by","properties":{"noLabel":"false","required":"true"},"type":"MODIFIER","var":"Updated_by"},"6485681":{"id":"6485681","label":"Created by","properties":{"noLabel":"false","required":"true"},"type":"CREATOR","var":"Created_by"},"6485682":{"id":"6485682","label":"Updated datetime","properties":{"noLabel":"false","required":"true"},"type":"MODIFIED_AT","var":"Updated_datetime"},"6485683":{"id":"6485683","label":"Created datetime","properties":{"noLabel":"false","required":"true"},"type":"CREATED_AT","var":"Created_datetime"},"6485684":{"id":"6485684","label":"Status","properties":{"noLabel":"false","required":"false"},"type":"STATUS","var":"Status"},"6485685":{"id":"6485685","label":"Assignee","properties":{"noLabel":"false","required":"false"},"type":"STATUS_ASSIGNEE","var":"Assignee"},"6485686":{"id":"6485686","label":"Categories","properties":{"noLabel":"false","required":"false"},"type":"CATEGORY","var":"Categories"},"6485702":{"id":"6485702","label":"Employee Name","properties":{"defaultEntities":[],"defaultSelect":[],"entities":[],"noLabel":"false","required":"false","select":[]},"type":"USER_SELECT","var":"Employee_Name"},"6485703":{"id":"6485703","label":"Expertise Score","properties":{"defaultValue":null,"digit":"false","displayScale":null,"max":"10","min":"1","noLabel":"false","required":"false","roundingMode":null,"scale":null,"unique":"false","unit":"","unitPosition":"BEFORE"},"type":"DECIMAL","var":"Expertise_Score"},"6485717":{"id":"6485717","label":"Success Rate (Past Performance)","properties":{"defaultValue":null,"digit":"false","displayScale":null,"max":"100","min":"0","noLabel":"false","required":"false","roundingMode":null,"scale":null,"unique":"false","unit":"%","unitPosition":"AFTER"},"type":"DECIMAL","var":"Past_Performance"},"6485721":{"id":"6485721","label":"Work Load (Number of Project Orders)","properties":{"defaultValue":"0","digit":"false","displayScale":null,"max":null,"min":null,"noLabel":"false","required":"false","roundingMode":null,"scale":null,"unique":"false","unit":"PO","unitPosition":"AFTER"},"type":"DECIMAL","var":"Work_Load"}},"id":"1","label":"__ROOT__","properties":null,"var":"__ROOT__"}},"settingsNotesForm":{"content":null,"willBeInherited":null},"status":{"actions":[],"filters":[],"initialStateId":null,"states":[],"useStatus":"false"},"uuid":"bfa9e4d8-783d-4139-a6d4-8f0026bc7477","views":[{"advancedMode":null,"builtinType":"ALL","device":null,"fields":[{"row":[{"columnWidth":null,"id":"6485679"},{"columnWidth":null,"id":"6485702"},{"columnWidth":null,"id":"6485703"},{"columnWidth":null,"id":"6485717"},{"columnWidth":null,"id":"6485721"}]}],"filter":{"category":null,"offset":null,"order":[],"q":null,"size":null,"sort":[]},"html":null,"keyFieldId":null,"name":"(All records)","pager":null,"revision":null,"titleFieldId":null,"view":"20","viewType":"LIST"}]}],"description":"","iconKey":"APP68","iconMeta":null,"iconSrcAppId":"bfa9e4d8-783d-4139-a6d4-8f0026bc7477","iconType":"PRESET","imagesMeta":[],"lookups":[],"name":"Team Management","references":[],"version":"41"}