{"actions":[],"apps":[{"acl":{"app":[],"field":[],"record":[]},"app":null,"category":{"categories":[],"useCategory":"false"},"form":{"layout":"[{\"id\":null,\"type\":\"ROW\",\"isSubTable\":false,\"var\":null,\"label\":null,\"controlList\":[{\"isVirtical\":true,\"styleMap\":{\"width\":196},\"type\":\"CREATED_AT\",\"var\":\"Received_Datetime\",\"label\":\"Received Datetime\"},{\"isVirtical\":true,\"styleMap\":{\"width\":193},\"type\":\"SINGLE_LINE_TEXT\",\"var\":\"Received_Date\",\"label\":\"Received Date\"}]},{\"id\":null,\"type\":\"ROW\",\"isSubTable\":false,\"var\":null,\"label\":null,\"controlList\":[{\"isVirtical\":true,\"styleMap\":{\"width\":193},\"type\":\"DECIMAL\",\"var\":\"Standard_Days\",\"label\":\"Standard Days\"}]},{\"id\":null,\"type\":\"ROW\",\"isSubTable\":false,\"var\":null,\"label\":null,\"controlList\":[{\"isVirtical\":true,\"styleMap\":{},\"canvasData\":[{\"id\":null,\"type\":\"ROW\",\"isSubTable\":false,\"var\":null,\"label\":null,\"controlList\":[{\"isVirtical\":true,\"styleMap\":{\"width\":120},\"type\":\"RECORD_ID\",\"var\":\"Record_number\",\"label\":\"Record number\"},{\"isVirtical\":true,\"styleMap\":{\"width\":136},\"type\":\"CREATOR\",\"var\":\"Created_by\",\"label\":\"Created by\"},{\"isVirtical\":true,\"styleMap\":{\"width\":136},\"type\":\"MODIFIER\",\"var\":\"Updated_by\",\"label\":\"Updated by\"}]},{\"id\":null,\"type\":\"ROW\",\"isSubTable\":false,\"var\":null,\"label\":null,\"controlList\":[{\"isVirtical\":true,\"styleMap\":{\"width\":196},\"type\":\"MODIFIED_AT\",\"var\":\"Updated_datetime\",\"label\":\"Updated datetime\"}]}],\"type\":\"GROUP\",\"var\":\"Field_group\",\"label\":\"System\"}]},{\"id\":null,\"type\":\"ROW\",\"isSubTable\":false,\"var\":null,\"label\":null,\"controlList\":[{\"isVirtical\":true,\"styleMap\":{\"width\":207},\"type\":\"FILE\",\"var\":\"Attachment\",\"label\":\"PO List\"}]}]","revision":null},"iconMeta":{"internalName":null,"mime":"image/jpeg","name":"management order.jpeg"},"info":{"automaticallyChooseTitleComponent":"true","code":null,"decimalPrecision":"16","decimalScale":"4","description":"","enableBulkDeletion":"true","enableRecordReuse":"true","fiscalYearStartMonth":"4","iconKey":"6456","iconType":"BLOB","jsFiles":null,"jsScope":"ALL","name":"Order Management","roundingMode":"HALF_EVEN","theme":"PLAIN","titleComponentLocalId":null,"useComment":"true","useHistory":"true","useInlineEditAndDelete":"true","useThumbnail":"true"},"jsFiles":[],"notification":{"appNotifications":[{"events":["RECORD_COMMENT_ADDED"],"target":{"entityId":"6485562","entityType":"FIELD_ENTITY","includeSubs":"false"}},{"events":["RECORD_COMMENT_ADDED"],"target":{"entityId":"6485563","entityType":"FIELD_ENTITY","includeSubs":"false"}}],"recordNotifications":[],"reminderTimezone":null,"reminders":[],"useComment":"true","useReminder":"false"},"plugins":[{"enabled":"true","id":"kgmcmfmfiokjgmehodgmeoapjnlfjaep"}],"reports":[],"resource":{"tables":[{"rows":[{"fields":[],"objectId":"0","subObjectId":"-1"}],"type":"AppName"},{"rows":[{"fields":[],"objectId":"0","subObjectId":"-1"}],"type":"AppDescription"},{"rows":[{"fields":[],"objectId":"6485561","subObjectId":"-1"},{"fields":[],"objectId":"6485562","subObjectId":"-1"},{"fields":[],"objectId":"6485563","subObjectId":"-1"},{"fields":[],"objectId":"6485564","subObjectId":"-1"},{"fields":[],"objectId":"6485565","subObjectId":"-1"},{"fields":[],"objectId":"6485566","subObjectId":"-1"},{"fields":[],"objectId":"6485567","subObjectId":"-1"},{"fields":[],"objectId":"6485568","subObjectId":"-1"},{"fields":[],"objectId":"6485570","subObjectId":"-1"},{"fields":[],"objectId":"6485754","subObjectId":"-1"},{"fields":[],"objectId":"6485773","subObjectId":"-1"}],"type":"FieldLabel"},{"rows":[{"fields":[],"objectId":"20","subObjectId":"-1"}],"type":"ViewName"},{"rows":[],"type":"CategoryName"}]},"schema":{"groups":[{"childLocalId":"6485561","vtComponentLocalId":"6485615"},{"childLocalId":"6485562","vtComponentLocalId":"6485615"},{"childLocalId":"6485563","vtComponentLocalId":"6485615"},{"childLocalId":"6485564","vtComponentLocalId":"6485615"}],"revision":null,"subTable":{},"table":{"fieldList":{"6485561":{"id":"6485561","label":"Record number","properties":{"noLabel":"false","required":"true"},"type":"RECORD_ID","var":"Record_number"},"6485562":{"id":"6485562","label":"Updated by","properties":{"noLabel":"false","required":"true"},"type":"MODIFIER","var":"Updated_by"},"6485563":{"id":"6485563","label":"Created by","properties":{"noLabel":"false","required":"true"},"type":"CREATOR","var":"Created_by"},"6485564":{"id":"6485564","label":"Updated datetime","properties":{"noLabel":"false","required":"true"},"type":"MODIFIED_AT","var":"Updated_datetime"},"6485565":{"id":"6485565","label":"Received Datetime","properties":{"noLabel":"false","required":"true"},"type":"CREATED_AT","var":"Received_Datetime"},"6485566":{"id":"6485566","label":"Status","properties":{"noLabel":"false","required":"false"},"type":"STATUS","var":"Status"},"6485567":{"id":"6485567","label":"Assignee","properties":{"noLabel":"false","required":"false"},"type":"STATUS_ASSIGNEE","var":"Assignee"},"6485568":{"id":"6485568","label":"Categories","properties":{"noLabel":"false","required":"false"},"type":"CATEGORY","var":"Categories"},"6485570":{"id":"6485570","label":"PO List","properties":{"noLabel":"false","required":"true","thumbnailSize":"150"},"type":"FILE","var":"Attachment"},"6485615":{"id":"6485615","label":"System","properties":{"noLabel":"false","open":"false","required":"false"},"type":"GROUP","var":"Field_group"},"6485754":{"id":"6485754","label":"Received Date","properties":{"defaultValue":"","expression":"DATE_FORMAT(Received_Datetime, \"yyyy-MM-dd\", \"system\")","hideExpression":"false","max":null,"min":null,"noLabel":"false","required":"false","unique":"false"},"type":"SINGLE_LINE_TEXT","var":"Received_Date"},"6485773":{"id":"6485773","label":"Standard Days","properties":{"defaultValue":null,"digit":"false","displayScale":null,"max":null,"min":null,"noLabel":"false","required":"true","roundingMode":null,"scale":null,"unique":"false","unit":"days","unitPosition":"AFTER"},"type":"DECIMAL","var":"Standard_Days"}},"id":"1","label":"__ROOT__","properties":null,"var":"__ROOT__"}},"settingsNotesForm":{"content":null,"willBeInherited":null},"status":{"actions":[],"filters":[],"initialStateId":null,"states":[],"useStatus":"false"},"uuid":"459e9a79-80e7-46e4-99d6-bc5a03beae71","views":[{"advancedMode":null,"builtinType":"ALL","device":null,"fields":[{"row":[{"columnWidth":null,"id":"6485561"},{"columnWidth":null,"id":"6485570"},{"columnWidth":null,"id":"6485754"},{"columnWidth":null,"id":"6485773"}]}],"filter":{"category":null,"offset":null,"order":[],"q":null,"size":null,"sort":[]},"html":null,"keyFieldId":null,"name":"(All records)","pager":null,"revision":null,"titleFieldId":null,"view":"20","viewType":"LIST"}]},{"acl":{"app":[],"field":[],"record":[]},"app":null,"category":{"categories":[],"useCategory":"false"},"form":{"layout":"[{\"id\":null,\"type\":\"ROW\",\"isSubTable\":false,\"var\":null,\"label\":null,\"controlList\":[{\"isVirtical\":true,\"label\":\"P.O. Number\",\"styleMap\":{\"width\":308},\"type\":\"SINGLE_LINE_TEXT\",\"var\":\"P_O__Number\"},{\"isVirtical\":true,\"label\":\"Date\",\"styleMap\":{\"width\":193},\"type\":\"DATE\",\"var\":\"Date\"}]},{\"id\":null,\"type\":\"ROW\",\"isSubTable\":false,\"var\":null,\"label\":null,\"controlList\":[{\"label\":\"\\u003Cdiv\\u003E\\u003Cb\\u003E\\u003Cfont size=\\\"4\\\"\\u003ECustomer Information\\u003C/font\\u003E\\u003C/b\\u003E\\u003C/div\\u003E\",\"styleMap\":{\"width\":220},\"type\":\"LABEL\",\"formatted\":\"\\u003Cdiv\\u003E\\u003Cb\\u003E\\u003Cfont size=\\\"4\\\"\\u003ECustomer Information\\u003C/font\\u003E\\u003C/b\\u003E\\u003C/div\\u003E\"},{\"styleMap\":{\"width\":786},\"type\":\"HR\"}]},{\"id\":null,\"type\":\"ROW\",\"isSubTable\":false,\"var\":null,\"label\":null,\"controlList\":[{\"isVirtical\":true,\"label\":\"Customer Name (Info)\",\"styleMap\":{\"width\":308},\"type\":\"SINGLE_LINE_TEXT\",\"var\":\"Customer_Name\"},{\"isVirtical\":true,\"label\":\"Company Name (Info)\",\"styleMap\":{\"width\":386},\"type\":\"SINGLE_LINE_TEXT\",\"var\":\"Company_Name\"}]},{\"id\":null,\"type\":\"ROW\",\"isSubTable\":false,\"var\":null,\"label\":null,\"controlList\":[{\"isVirtical\":true,\"label\":\"Address (Info)\",\"styleMap\":{\"width\":386,\"height\":128,\"innerHeight\":91},\"type\":\"MULTIPLE_LINE_TEXT\",\"var\":\"Customer_Address\"}]},{\"id\":null,\"type\":\"ROW\",\"isSubTable\":false,\"var\":null,\"label\":null,\"controlList\":[{\"label\":\"\\u003Cdiv\\u003E\\u003Cfont size=\\\"4\\\"\\u003E\\u003Cb\\u003EBill to\\u003C/b\\u003E\\u003C/font\\u003E\\u003C/div\\u003E\",\"styleMap\":{\"width\":86},\"type\":\"LABEL\",\"formatted\":\"\\u003Cdiv\\u003E\\u003Cfont size=\\\"4\\\"\\u003E\\u003Cb\\u003EBill to\\u003C/b\\u003E\\u003C/font\\u003E\\u003C/div\\u003E\"},{\"styleMap\":{\"width\":920},\"type\":\"HR\"}]},{\"id\":null,\"type\":\"ROW\",\"isSubTable\":false,\"var\":null,\"label\":null,\"controlList\":[{\"isVirtical\":true,\"label\":\"Name (Bill to)\",\"styleMap\":{\"width\":308},\"type\":\"SINGLE_LINE_TEXT\",\"var\":\"Bill_to_Name\"},{\"isVirtical\":true,\"label\":\"Company Name (Bill to)\",\"styleMap\":{\"width\":386},\"type\":\"SINGLE_LINE_TEXT\",\"var\":\"Bill_to_Company_Name\"}]},{\"id\":null,\"type\":\"ROW\",\"isSubTable\":false,\"var\":null,\"label\":null,\"controlList\":[{\"isVirtical\":true,\"label\":\"Address (Bill to)\",\"styleMap\":{\"width\":386,\"height\":128,\"innerHeight\":91},\"type\":\"MULTIPLE_LINE_TEXT\",\"var\":\"Bill_to_Customer_Address\"}]},{\"id\":null,\"type\":\"ROW\",\"isSubTable\":false,\"var\":null,\"label\":null,\"controlList\":[{\"label\":\"\\u003Cdiv\\u003E\\u003Cfont size=\\\"4\\\"\\u003E\\u003Cb\\u003EDeliver to\\u003C/b\\u003E\\u003C/font\\u003E\\u003C/div\\u003E\",\"styleMap\":{\"width\":114},\"type\":\"LABEL\",\"formatted\":\"\\u003Cdiv\\u003E\\u003Cfont size=\\\"4\\\"\\u003E\\u003Cb\\u003EDeliver to\\u003C/b\\u003E\\u003C/font\\u003E\\u003C/div\\u003E\"},{\"styleMap\":{\"width\":892},\"type\":\"HR\"}]},{\"id\":null,\"type\":\"ROW\",\"isSubTable\":false,\"var\":null,\"label\":null,\"controlList\":[{\"isVirtical\":true,\"label\":\"Name (Deliver to)\",\"styleMap\":{\"width\":308},\"type\":\"SINGLE_LINE_TEXT\",\"var\":\"Deliver_to_Name\"},{\"isVirtical\":true,\"label\":\"Company Name (Deliver to)\",\"styleMap\":{\"width\":386},\"type\":\"SINGLE_LINE_TEXT\",\"var\":\"Deliver_to_Company_Name\"}]},{\"id\":null,\"type\":\"ROW\",\"isSubTable\":false,\"var\":null,\"label\":null,\"controlList\":[{\"isVirtical\":true,\"label\":\"Address (Deliver to)\",\"styleMap\":{\"width\":386,\"height\":128,\"innerHeight\":91},\"type\":\"MULTIPLE_LINE_TEXT\",\"var\":\"Deliver_to_Customer_Address\"}]},{\"id\":null,\"type\":\"ROW\",\"isSubTable\":false,\"var\":null,\"label\":null,\"controlList\":[{\"label\":\"\\u003Cdiv\\u003E\\u003Cfont size=\\\"4\\\"\\u003E\\u003Cb\\u003EPO Details\\u003C/b\\u003E\\u003C/font\\u003E\\u003C/div\\u003E\",\"styleMap\":{\"width\":122},\"type\":\"LABEL\",\"formatted\":\"\\u003Cdiv\\u003E\\u003Cfont size=\\\"4\\\"\\u003E\\u003Cb\\u003EPO Details\\u003C/b\\u003E\\u003C/font\\u003E\\u003C/div\\u003E\"},{\"styleMap\":{\"width\":884},\"type\":\"HR\"}]},{\"id\":null,\"type\":\"ROW\",\"isSubTable\":false,\"var\":null,\"label\":null,\"controlList\":[{\"isVirtical\":true,\"label\":\"Start Date\",\"styleMap\":{\"width\":117},\"type\":\"DATE\",\"var\":\"Start_Date\"},{\"isVirtical\":true,\"label\":\"Cancel Date\",\"styleMap\":{\"width\":117},\"type\":\"DATE\",\"var\":\"Cancel_Date\"},{\"isVirtical\":true,\"label\":\"Ordered By\",\"styleMap\":{\"width\":215},\"type\":\"SINGLE_LINE_TEXT\",\"var\":\"Ordered_By\"},{\"isVirtical\":true,\"label\":\"Shipped via\",\"styleMap\":{\"width\":193},\"type\":\"SINGLE_LINE_TEXT\",\"var\":\"Text_1\"},{\"isVirtical\":true,\"label\":\"FOB\",\"styleMap\":{\"width\":193},\"type\":\"SINGLE_LINE_TEXT\",\"var\":\"Text_2\"},{\"isVirtical\":true,\"label\":\"Terms\",\"styleMap\":{\"width\":171},\"type\":\"SINGLE_LINE_TEXT\",\"var\":\"Text_3\"}]},{\"id\":\"6485611\",\"type\":\"SUBTABLE\",\"isSubTable\":true,\"var\":\"Table\",\"label\":\"PO Details\",\"controlList\":[{\"isVirtical\":true,\"label\":\"Description\",\"styleMap\":{\"width\":386},\"type\":\"SINGLE_LINE_TEXT\",\"var\":\"Description\"},{\"isVirtical\":true,\"label\":\"Unit\",\"styleMap\":{\"width\":157},\"type\":\"DECIMAL\",\"var\":\"Unit\"},{\"isVirtical\":true,\"label\":\"Unit Price\",\"styleMap\":{\"width\":199},\"type\":\"DECIMAL\",\"var\":\"Unit_Price\"},{\"isVirtical\":true,\"label\":\"Amount\",\"styleMap\":{\"width\":193},\"type\":\"CALC\",\"var\":\"Amount\"}]},{\"id\":null,\"type\":\"ROW\",\"isSubTable\":false,\"var\":null,\"label\":null,\"controlList\":[{\"styleMap\":{\"width\":1006},\"type\":\"HR\"}]},{\"id\":null,\"type\":\"ROW\",\"isSubTable\":false,\"var\":null,\"label\":null,\"controlList\":[{\"elementId\":\"\",\"styleMap\":{\"width\":742,\"height\":66},\"type\":\"SPACER\"},{\"isVirtical\":true,\"label\":\"Sub Total\",\"styleMap\":{\"width\":193},\"type\":\"CALC\",\"var\":\"Sub_Total\"}]},{\"id\":null,\"type\":\"ROW\",\"isSubTable\":false,\"var\":null,\"label\":null,\"controlList\":[{\"elementId\":\"\",\"styleMap\":{\"width\":543,\"height\":66},\"type\":\"SPACER\"},{\"isVirtical\":true,\"label\":\"Sales Tax Percentage\",\"styleMap\":{\"width\":199},\"type\":\"DECIMAL\",\"var\":\"Sales_Tax_Percentage\"},{\"isVirtical\":true,\"label\":\"Sales Tax\",\"styleMap\":{\"width\":193},\"type\":\"CALC\",\"var\":\"Sales_Tax\"}]},{\"id\":null,\"type\":\"ROW\",\"isSubTable\":false,\"var\":null,\"label\":null,\"controlList\":[{\"elementId\":\"\",\"styleMap\":{\"width\":742,\"height\":66},\"type\":\"SPACER\"},{\"isVirtical\":true,\"label\":\"Total Amount\",\"styleMap\":{\"width\":193},\"type\":\"CALC\",\"var\":\"Total_Amount\"}]},{\"id\":null,\"type\":\"ROW\",\"isSubTable\":false,\"var\":null,\"label\":null,\"controlList\":[{\"canvasData\":[{\"id\":null,\"type\":\"ROW\",\"isSubTable\":false,\"var\":null,\"label\":null,\"controlList\":[{\"isVirtical\":true,\"label\":\"Approved By\",\"styleMap\":{\"width\":193},\"type\":\"SINGLE_LINE_TEXT\",\"var\":\"Text\"},{\"isVirtical\":true,\"label\":\"Approved Date\",\"styleMap\":{\"width\":193},\"type\":\"DATE\",\"var\":\"Approved_Date\"}]}],\"isVirtical\":true,\"label\":\"Approval\",\"styleMap\":{},\"type\":\"GROUP\",\"var\":\"Approval\"}]},{\"id\":null,\"type\":\"ROW\",\"isSubTable\":false,\"var\":null,\"label\":null,\"controlList\":[{\"canvasData\":[{\"id\":null,\"type\":\"ROW\",\"isSubTable\":false,\"var\":null,\"label\":null,\"controlList\":[{\"isVirtical\":true,\"label\":\"Received Date\",\"styleMap\":{\"width\":211},\"type\":\"DATE\",\"var\":\"Received_Date\"},{\"isVirtical\":true,\"label\":\"Assignment Date\",\"styleMap\":{\"width\":211},\"type\":\"DATE\",\"var\":\"Assignment_Date\"}]},{\"id\":null,\"type\":\"ROW\",\"isSubTable\":false,\"var\":null,\"label\":null,\"controlList\":[{\"styleMap\":{\"width\":649},\"type\":\"HR\"}]},{\"id\":null,\"type\":\"ROW\",\"isSubTable\":false,\"var\":null,\"label\":null,\"controlList\":[{\"isVirtical\":true,\"label\":\"In Progress Deadline\",\"styleMap\":{\"width\":211},\"type\":\"CALC\",\"var\":\"In_Progress_Deadline\"},{\"isVirtical\":true,\"label\":\"IPD Day\",\"styleMap\":{\"width\":193},\"type\":\"SINGLE_LINE_TEXT\",\"var\":\"IPD_Day\"},{\"isVirtical\":true,\"label\":\"In Progress Deadline Final\",\"styleMap\":{\"width\":245},\"type\":\"CALC\",\"var\":\"In_Progress_Deadline_Final\"}]},{\"id\":null,\"type\":\"ROW\",\"isSubTable\":false,\"var\":null,\"label\":null,\"controlList\":[{\"isVirtical\":true,\"label\":\"Awaiting Shipment Deadline\",\"styleMap\":{\"width\":211},\"type\":\"CALC\",\"var\":\"Awaiting_Shipment_Deadline\"},{\"isVirtical\":true,\"label\":\"ASD Day\",\"styleMap\":{\"width\":193},\"type\":\"SINGLE_LINE_TEXT\",\"var\":\"ASD_Day\"},{\"isVirtical\":true,\"label\":\"Awaiting Shipment Deadline Final\",\"styleMap\":{\"width\":245},\"type\":\"CALC\",\"var\":\"Awaiting_Shipment_Deadline_Final\"}]},{\"id\":null,\"type\":\"ROW\",\"isSubTable\":false,\"var\":null,\"label\":null,\"controlList\":[{\"isVirtical\":true,\"label\":\"Resolved Deadline\",\"styleMap\":{\"width\":211},\"type\":\"CALC\",\"var\":\"Resolved_Deadline\"},{\"isVirtical\":true,\"label\":\"RD Day\",\"styleMap\":{\"width\":193},\"type\":\"SINGLE_LINE_TEXT\",\"var\":\"RD_Day\"},{\"isVirtical\":true,\"label\":\"Resolved Deadline Final\",\"styleMap\":{\"width\":245},\"type\":\"CALC\",\"var\":\"Resolved_Deadline_Final\"}]},{\"id\":null,\"type\":\"ROW\",\"isSubTable\":false,\"var\":null,\"label\":null,\"controlList\":[{\"styleMap\":{\"width\":649},\"type\":\"HR\"}]},{\"id\":null,\"type\":\"ROW\",\"isSubTable\":false,\"var\":null,\"label\":null,\"controlList\":[{\"isVirtical\":true,\"styleMap\":{\"width\":211},\"type\":\"DATE\",\"var\":\"IPD\",\"label\":\"IPD\"},{\"isVirtical\":true,\"styleMap\":{\"width\":211},\"type\":\"DATE\",\"var\":\"ASD\",\"label\":\"ASD\"},{\"isVirtical\":true,\"styleMap\":{\"width\":211},\"type\":\"DATE\",\"var\":\"RD\",\"label\":\"RD\"}]},{\"id\":null,\"type\":\"ROW\",\"isSubTable\":false,\"var\":null,\"label\":null,\"controlList\":[{\"styleMap\":{\"width\":649},\"type\":\"HR\"}]},{\"id\":null,\"type\":\"ROW\",\"isSubTable\":false,\"var\":null,\"label\":null,\"controlList\":[{\"isVirtical\":true,\"label\":\"In Progress Actual\",\"styleMap\":{\"width\":211},\"type\":\"DATE\",\"var\":\"In_Progress_Actual\"},{\"isVirtical\":true,\"styleMap\":{\"width\":193},\"type\":\"DECIMAL\",\"var\":\"Days_Taken\",\"label\":\"Days Taken\"}]},{\"id\":null,\"type\":\"ROW\",\"isSubTable\":false,\"var\":null,\"label\":null,\"controlList\":[{\"isVirtical\":true,\"label\":\"Awaiting Shipment Actual\",\"styleMap\":{\"width\":211},\"type\":\"DATE\",\"var\":\"Awaiting_Shipment_Actual\"}]},{\"id\":null,\"type\":\"ROW\",\"isSubTable\":false,\"var\":null,\"label\":null,\"controlList\":[{\"isVirtical\":true,\"label\":\"Resolved Actual\",\"styleMap\":{\"width\":211},\"type\":\"DATE\",\"var\":\"Resolved_Actual\"}]}],\"isVirtical\":true,\"label\":\"Deadlines\",\"styleMap\":{},\"type\":\"GROUP\",\"var\":\"Deadlines\"}]},{\"id\":null,\"type\":\"ROW\",\"isSubTable\":false,\"var\":null,\"label\":null,\"controlList\":[{\"canvasData\":[{\"id\":null,\"type\":\"ROW\",\"isSubTable\":false,\"var\":null,\"label\":null,\"controlList\":[{\"isVirtical\":true,\"label\":\"Record number\",\"styleMap\":{\"width\":120},\"type\":\"RECORD_ID\",\"var\":\"Record_number\"},{\"isVirtical\":true,\"label\":\"Created by\",\"styleMap\":{\"width\":136},\"type\":\"CREATOR\",\"var\":\"Created_by\"},{\"isVirtical\":true,\"label\":\"Created datetime\",\"styleMap\":{\"width\":196},\"type\":\"CREATED_AT\",\"var\":\"Created_datetime\"}]},{\"id\":null,\"type\":\"ROW\",\"isSubTable\":false,\"var\":null,\"label\":null,\"controlList\":[{\"isVirtical\":true,\"label\":\"Updated by\",\"styleMap\":{\"width\":136},\"type\":\"MODIFIER\",\"var\":\"Updated_by\"},{\"isVirtical\":true,\"label\":\"Updated datetime\",\"styleMap\":{\"width\":196},\"type\":\"MODIFIED_AT\",\"var\":\"Updated_datetime\"}]},{\"id\":null,\"type\":\"ROW\",\"isSubTable\":false,\"var\":null,\"label\":null,\"controlList\":[{\"isVirtical\":true,\"label\":\"Source Reference ID\",\"styleMap\":{\"width\":246},\"type\":\"DECIMAL\",\"var\":\"Source_Reference_ID\"},{\"isVirtical\":true,\"styleMap\":{\"width\":193},\"type\":\"DECIMAL\",\"var\":\"Standard_Days\",\"label\":\"Standard Days\"}]},{\"id\":null,\"type\":\"ROW\",\"isSubTable\":false,\"var\":null,\"label\":null,\"controlList\":[{\"isVirtical\":true,\"label\":\"Excel Reference\",\"styleMap\":{\"width\":452},\"type\":\"SINGLE_LINE_TEXT\",\"var\":\"Excel_Reference\"}]},{\"id\":null,\"type\":\"ROW\",\"isSubTable\":false,\"var\":null,\"label\":null,\"controlList\":[{\"isVirtical\":true,\"label\":\"Dedicated Assignee\",\"styleMap\":{\"width\":344},\"type\":\"USER_SELECT\",\"var\":\"Dedicated_Assignee\"}]}],\"isVirtical\":true,\"label\":\"System\",\"styleMap\":{},\"type\":\"GROUP\",\"var\":\"Field_group\"}]},{\"id\":null,\"type\":\"ROW\",\"isSubTable\":false,\"var\":null,\"label\":null,\"controlList\":[{\"isVirtical\":true,\"label\":\"Source Record Number (plugin Excel Mapper generated)\",\"styleMap\":{\"width\":390},\"type\":\"SINGLE_LINE_TEXT\",\"var\":\"Source_Record_Number_Plugin_Excel_Mapper_Generated\"}]}]","revision":null},"iconMeta":{"internalName":null,"mime":"image/png","name":"purchase order.png"},"info":{"automaticallyChooseTitleComponent":"true","code":null,"decimalPrecision":"16","decimalScale":"4","description":"","enableBulkDeletion":"true","enableRecordReuse":"true","fiscalYearStartMonth":"4","iconKey":"6458","iconType":"BLOB","jsFiles":null,"jsScope":"ALL","name":"Purchase Order","roundingMode":"HALF_EVEN","theme":"PLAIN","titleComponentLocalId":null,"useComment":"true","useHistory":"true","useInlineEditAndDelete":"true","useThumbnail":"true"},"jsFiles":[],"notification":{"appNotifications":[{"events":["RECORD_COMMENT_ADDED"],"target":{"entityId":"6485574","entityType":"FIELD_ENTITY","includeSubs":"false"}},{"events":["RECORD_COMMENT_ADDED"],"target":{"entityId":"6485575","entityType":"FIELD_ENTITY","includeSubs":"false"}},{"events":["RECORD_STATUS_UPDATED"],"target":{"entityId":"6485579","entityType":"FIELD_ENTITY","includeSubs":"false"}}],"recordNotifications":[],"reminderTimezone":"Asia/Bangkok","reminders":[{"entities":[{"entityId":"6485771","entityType":"FIELD_ENTITY","includeSubs":"false"},{"entityId":"6485579","entityType":"FIELD_ENTITY","includeSubs":"false"}],"filterCond":"f6485578 not in (\"6485708\", \"6485705\")","timing":{"dayDiff":"1","dayDiffType":"BEFORE","field":"6485781","hourDiff":"0","hourDiffType":"BEFORE","time":"08:30"},"title":"The shipment should be resolved by tomorrow!"},{"entities":[{"entityId":"6485771","entityType":"FIELD_ENTITY","includeSubs":"false"},{"entityId":"6485579","entityType":"FIELD_ENTITY","includeSubs":"false"}],"filterCond":"f6485578 not in (\"6485707\", \"6485705\", \"6485708\")","timing":{"dayDiff":"1","dayDiffType":"BEFORE","field":"6485780","hourDiff":"0","hourDiffType":"BEFORE","time":"08:30"},"title":"The shipment for this PO should be processed by tomorrow!"},{"entities":[{"entityId":"6485771","entityType":"FIELD_ENTITY","includeSubs":"false"},{"entityId":"6485579","entityType":"FIELD_ENTITY","includeSubs":"false"}],"filterCond":"f6485578 not in (\"6485708\", \"6485706\", \"6485707\", \"6485705\")","timing":{"dayDiff":"1","dayDiffType":"BEFORE","field":"6485779","hourDiff":"0","hourDiffType":"BEFORE","time":"08:30"},"title":"The PO should be processed by tomorrow!"}],"useComment":"true","useReminder":"true"},"plugins":[{"enabled":"true","id":"gjhcdhpneakmpcfleedcphcdfiapeahh"}],"reports":[{"advancedMode":"false","filter":{"category":null,"offset":null,"order":[],"q":"f6485578 in (\"6485708\")","size":null,"sort":[]},"isAborted":null,"name":"Average Time Taken (Days) by Assignee","processType":null,"report":"6485787","reportType":"SUBTOTAL","revision":null,"settings":"{\"groups\":[{\"id\":\"6485771\",\"op\":null}],\"summaries\":[{\"id\":\"6485784\",\"op\":\"AVERAGE\"}],\"chartType\":\"pie\",\"sort\":[\"s0\"],\"order\":[\"DESC\"]}","tallyPeriod":null,"tallyStartDateTime":null},{"advancedMode":"false","filter":{"category":null,"offset":null,"order":[],"q":null,"size":null,"sort":[]},"isAborted":null,"name":"PO Status by Assignment Date","processType":null,"report":"6485789","reportType":"SUBTOTAL","revision":null,"settings":"{\"groups\":[{\"id\":\"6485755\",\"op\":\"YEAR_MONTH_DAY\"},{\"id\":\"6485578\",\"op\":null}],\"summaries\":[{\"op\":\"COUNT\",\"id\":null}],\"chartType\":\"column\",\"stackType\":\"clustered\",\"sort\":[\"g0\"],\"order\":[\"ASC\"]}","tallyPeriod":null,"tallyStartDateTime":null},{"advancedMode":"false","filter":{"category":null,"offset":null,"order":[],"q":"f6485578 in (\"6485708\")","size":null,"sort":[]},"isAborted":null,"name":"Average Time Taken x Standard Days (Resolved PO)","processType":null,"report":"6485793","reportType":"SUBTOTAL","revision":null,"settings":"{\"groups\":[{\"id\":\"6485582\",\"op\":null}],\"summaries\":[{\"op\":\"AVERAGE\",\"id\":\"6485784\"},{\"op\":\"MAX\",\"id\":\"6485785\"}],\"chartType\":\"line\",\"sort\":[\"g0\"],\"order\":[\"ASC\"]}","tallyPeriod":null,"tallyStartDateTime":null}],"resource":{"tables":[{"rows":[{"fields":[],"objectId":"0","subObjectId":"-1"}],"type":"AppName"},{"rows":[{"fields":[],"objectId":"0","subObjectId":"-1"}],"type":"AppDescription"},{"rows":[{"fields":[],"objectId":"6485573","subObjectId":"-1"},{"fields":[],"objectId":"6485574","subObjectId":"-1"},{"fields":[],"objectId":"6485575","subObjectId":"-1"},{"fields":[],"objectId":"6485576","subObjectId":"-1"},{"fields":[],"objectId":"6485577","subObjectId":"-1"},{"fields":[],"objectId":"6485578","subObjectId":"-1"},{"fields":[],"objectId":"6485579","subObjectId":"-1"},{"fields":[],"objectId":"6485580","subObjectId":"-1"},{"fields":[],"objectId":"6485582","subObjectId":"-1"},{"fields":[],"objectId":"6485583","subObjectId":"-1"},{"fields":[],"objectId":"6485584","subObjectId":"-1"},{"fields":[],"objectId":"6485585","subObjectId":"-1"},{"fields":[],"objectId":"6485586","subObjectId":"-1"},{"fields":[],"objectId":"6485587","subObjectId":"-1"},{"fields":[],"objectId":"6485588","subObjectId":"-1"},{"fields":[],"objectId":"6485589","subObjectId":"-1"},{"fields":[],"objectId":"6485590","subObjectId":"-1"},{"fields":[],"objectId":"6485591","subObjectId":"-1"},{"fields":[],"objectId":"6485592","subObjectId":"-1"},{"fields":[],"objectId":"6485598","subObjectId":"-1"},{"fields":[],"objectId":"6485599","subObjectId":"-1"},{"fields":[],"objectId":"6485600","subObjectId":"-1"},{"fields":[],"objectId":"6485601","subObjectId":"-1"},{"fields":[],"objectId":"6485602","subObjectId":"-1"},{"fields":[],"objectId":"6485603","subObjectId":"-1"},{"fields":[],"objectId":"6485604","subObjectId":"-1"},{"fields":[],"objectId":"6485605","subObjectId":"-1"},{"fields":[],"objectId":"6485611","subObjectId":"-1"},{"fields":[],"objectId":"6485607","subObjectId":"-1"},{"fields":[],"objectId":"6485608","subObjectId":"-1"},{"fields":[],"objectId":"6485609","subObjectId":"-1"},{"fields":[],"objectId":"6485652","subObjectId":"-1"},{"fields":[],"objectId":"6485613","subObjectId":"-1"},{"fields":[],"objectId":"6485655","subObjectId":"-1"},{"fields":[],"objectId":"6485656","subObjectId":"-1"},{"fields":[],"objectId":"6485657","subObjectId":"-1"},{"fields":[],"objectId":"6485658","subObjectId":"-1"},{"fields":[],"objectId":"6485665","subObjectId":"-1"},{"fields":[],"objectId":"6485746","subObjectId":"-1"},{"fields":[],"objectId":"6485748","subObjectId":"-1"},{"fields":[],"objectId":"6485750","subObjectId":"-1"},{"fields":[],"objectId":"6485752","subObjectId":"-1"},{"fields":[],"objectId":"6485755","subObjectId":"-1"},{"fields":[],"objectId":"6485757","subObjectId":"-1"},{"fields":[],"objectId":"6485758","subObjectId":"-1"},{"fields":[],"objectId":"6485759","subObjectId":"-1"},{"fields":[],"objectId":"6485760","subObjectId":"-1"},{"fields":[],"objectId":"6485761","subObjectId":"-1"},{"fields":[],"objectId":"6485762","subObjectId":"-1"},{"fields":[],"objectId":"6485763","subObjectId":"-1"},{"fields":[],"objectId":"6485764","subObjectId":"-1"},{"fields":[],"objectId":"6485771","subObjectId":"-1"},{"fields":[],"objectId":"6485772","subObjectId":"-1"},{"fields":[],"objectId":"6485775","subObjectId":"-1"},{"fields":[],"objectId":"6485779","subObjectId":"-1"},{"fields":[],"objectId":"6485780","subObjectId":"-1"},{"fields":[],"objectId":"6485781","subObjectId":"-1"},{"fields":[],"objectId":"6485784","subObjectId":"-1"},{"fields":[],"objectId":"6485785","subObjectId":"-1"}],"type":"FieldLabel"},{"rows":[{"fields":[],"objectId":"6485716","subObjectId":"-1"},{"fields":[],"objectId":"6485790","subObjectId":"-1"},{"fields":[],"objectId":"20","subObjectId":"-1"}],"type":"ViewName"},{"rows":[{"fields":[],"objectId":"6485705","subObjectId":"-1"},{"fields":[],"objectId":"6485706","subObjectId":"-1"},{"fields":[],"objectId":"6485707","subObjectId":"-1"},{"fields":[],"objectId":"6485708","subObjectId":"-1"},{"fields":[],"objectId":"6485768","subObjectId":"-1"}],"type":"StatusState"},{"rows":[{"fields":[],"objectId":"6485712","subObjectId":"-1"},{"fields":[],"objectId":"6485713","subObjectId":"-1"},{"fields":[],"objectId":"6485714","subObjectId":"-1"},{"fields":[],"objectId":"6485731","subObjectId":"-1"},{"fields":[],"objectId":"6485770","subObjectId":"-1"},{"fields":[],"objectId":"6485774","subObjectId":"-1"}],"type":"StatusAction"},{"rows":[{"fields":[],"objectId":"6485787","subObjectId":"-1"},{"fields":[],"objectId":"6485789","subObjectId":"-1"},{"fields":[],"objectId":"6485793","subObjectId":"-1"}],"type":"ReportName"},{"rows":[],"type":"CategoryName"}]},"schema":{"groups":[{"childLocalId":"6485598","vtComponentLocalId":"6485597"},{"childLocalId":"6485605","vtComponentLocalId":"6485597"},{"childLocalId":"6485573","vtComponentLocalId":"6485606"},{"childLocalId":"6485574","vtComponentLocalId":"6485606"},{"childLocalId":"6485575","vtComponentLocalId":"6485606"},{"childLocalId":"6485576","vtComponentLocalId":"6485606"},{"childLocalId":"6485577","vtComponentLocalId":"6485606"},{"childLocalId":"6485613","vtComponentLocalId":"6485606"},{"childLocalId":"6485665","vtComponentLocalId":"6485606"},{"childLocalId":"6485771","vtComponentLocalId":"6485606"},{"childLocalId":"6485785","vtComponentLocalId":"6485606"},{"childLocalId":"6485746","vtComponentLocalId":"6485725"},{"childLocalId":"6485748","vtComponentLocalId":"6485725"},{"childLocalId":"6485750","vtComponentLocalId":"6485725"},{"childLocalId":"6485752","vtComponentLocalId":"6485725"},{"childLocalId":"6485755","vtComponentLocalId":"6485725"},{"childLocalId":"6485757","vtComponentLocalId":"6485725"},{"childLocalId":"6485758","vtComponentLocalId":"6485725"},{"childLocalId":"6485759","vtComponentLocalId":"6485725"},{"childLocalId":"6485760","vtComponentLocalId":"6485725"},{"childLocalId":"6485761","vtComponentLocalId":"6485725"},{"childLocalId":"6485762","vtComponentLocalId":"6485725"},{"childLocalId":"6485763","vtComponentLocalId":"6485725"},{"childLocalId":"6485764","vtComponentLocalId":"6485725"},{"childLocalId":"6485772","vtComponentLocalId":"6485725"},{"childLocalId":"6485779","vtComponentLocalId":"6485725"},{"childLocalId":"6485780","vtComponentLocalId":"6485725"},{"childLocalId":"6485781","vtComponentLocalId":"6485725"},{"childLocalId":"6485784","vtComponentLocalId":"6485725"}],"revision":null,"subTable":{"6485611":{"fieldList":{"6485607":{"id":"6485607","label":"Description","properties":{"defaultValue":"","expression":"","hideExpression":"false","max":null,"min":null,"noLabel":"false","required":"false","unique":"false"},"type":"SINGLE_LINE_TEXT","var":"Description"},"6485608":{"id":"6485608","label":"Unit","properties":{"defaultValue":null,"digit":"false","displayScale":null,"max":null,"min":null,"noLabel":"false","required":"false","roundingMode":null,"scale":null,"unique":"false","unit":"","unitPosition":"BEFORE"},"type":"DECIMAL","var":"Unit"},"6485609":{"id":"6485609","label":"Unit Price","properties":{"defaultValue":null,"digit":"false","displayScale":null,"max":null,"min":null,"noLabel":"false","required":"false","roundingMode":null,"scale":null,"unique":"false","unit":"$","unitPosition":"BEFORE"},"type":"DECIMAL","var":"Unit_Price"},"6485652":{"id":"6485652","label":"Amount","properties":{"displayScale":null,"expression":"Unit*Unit_Price","format":"NUMBER","hideExpression":"false","noLabel":"false","required":"false","roundingMode":null,"scale":null,"unit":"$","unitPosition":"BEFORE"},"type":"CALC","var":"Amount"}},"id":"6485611","label":"PO Details","properties":{"noLabel":"true"},"var":"Table"}},"table":{"fieldList":{"6485573":{"id":"6485573","label":"Record number","properties":{"noLabel":"false","required":"true"},"type":"RECORD_ID","var":"Record_number"},"6485574":{"id":"6485574","label":"Updated by","properties":{"noLabel":"false","required":"true"},"type":"MODIFIER","var":"Updated_by"},"6485575":{"id":"6485575","label":"Created by","properties":{"noLabel":"false","required":"true"},"type":"CREATOR","var":"Created_by"},"6485576":{"id":"6485576","label":"Updated datetime","properties":{"noLabel":"false","required":"true"},"type":"MODIFIED_AT","var":"Updated_datetime"},"6485577":{"id":"6485577","label":"Created datetime","properties":{"noLabel":"false","required":"true"},"type":"CREATED_AT","var":"Created_datetime"},"6485578":{"id":"6485578","label":"Status","properties":{"noLabel":"false","required":"false"},"type":"STATUS","var":"Status"},"6485579":{"id":"6485579","label":"Assignee","properties":{"noLabel":"false","required":"false"},"type":"STATUS_ASSIGNEE","var":"Assignee"},"6485580":{"id":"6485580","label":"Categories","properties":{"noLabel":"false","required":"false"},"type":"CATEGORY","var":"Categories"},"6485582":{"id":"6485582","label":"P.O. Number","properties":{"defaultValue":"","expression":"","hideExpression":"false","max":"64","min":null,"noLabel":"false","required":"true","unique":"false"},"type":"SINGLE_LINE_TEXT","var":"P_O__Number"},"6485583":{"id":"6485583","label":"Date","properties":{"defaultExpression":null,"defaultValue":null,"noLabel":"false","required":"false","unique":"false"},"type":"DATE","var":"Date"},"6485584":{"id":"6485584","label":"Customer Name (Info)","properties":{"defaultValue":"","expression":"","hideExpression":"false","max":null,"min":null,"noLabel":"false","required":"false","unique":"false"},"type":"SINGLE_LINE_TEXT","var":"Customer_Name"},"6485585":{"id":"6485585","label":"Company Name (Info)","properties":{"defaultValue":"","expression":"","hideExpression":"false","max":null,"min":null,"noLabel":"false","required":"false","unique":"false"},"type":"SINGLE_LINE_TEXT","var":"Company_Name"},"6485586":{"id":"6485586","label":"Address (Info)","properties":{"defaultValue":"","noLabel":"false","required":"false"},"type":"MULTIPLE_LINE_TEXT","var":"Customer_Address"},"6485587":{"id":"6485587","label":"Name (Bill to)","properties":{"defaultValue":"","expression":"","hideExpression":"false","max":null,"min":null,"noLabel":"false","required":"false","unique":"false"},"type":"SINGLE_LINE_TEXT","var":"Bill_to_Name"},"6485588":{"id":"6485588","label":"Company Name (Bill to)","properties":{"defaultValue":"","expression":"","hideExpression":"false","max":null,"min":null,"noLabel":"false","required":"false","unique":"false"},"type":"SINGLE_LINE_TEXT","var":"Bill_to_Company_Name"},"6485589":{"id":"6485589","label":"Address (Bill to)","properties":{"defaultValue":"","noLabel":"false","required":"false"},"type":"MULTIPLE_LINE_TEXT","var":"Bill_to_Customer_Address"},"6485590":{"id":"6485590","label":"Name (Deliver to)","properties":{"defaultValue":"","expression":"","hideExpression":"false","max":null,"min":null,"noLabel":"false","required":"false","unique":"false"},"type":"SINGLE_LINE_TEXT","var":"Deliver_to_Name"},"6485591":{"id":"6485591","label":"Company Name (Deliver to)","properties":{"defaultValue":"","expression":"","hideExpression":"false","max":null,"min":null,"noLabel":"false","required":"false","unique":"false"},"type":"SINGLE_LINE_TEXT","var":"Deliver_to_Company_Name"},"6485592":{"id":"6485592","label":"Address (Deliver to)","properties":{"defaultValue":"","noLabel":"false","required":"false"},"type":"MULTIPLE_LINE_TEXT","var":"Deliver_to_Customer_Address"},"6485597":{"id":"6485597","label":"Approval","properties":{"noLabel":"false","open":"true","required":"false"},"type":"GROUP","var":"Approval"},"6485598":{"id":"6485598","label":"Approved By","properties":{"defaultValue":"","expression":"","hideExpression":"false","max":null,"min":null,"noLabel":"false","required":"false","unique":"false"},"type":"SINGLE_LINE_TEXT","var":"Text"},"6485599":{"id":"6485599","label":"Start Date","properties":{"defaultExpression":null,"defaultValue":null,"noLabel":"false","required":"false","unique":"false"},"type":"DATE","var":"Start_Date"},"6485600":{"id":"6485600","label":"Cancel Date","properties":{"defaultExpression":null,"defaultValue":null,"noLabel":"false","required":"false","unique":"false"},"type":"DATE","var":"Cancel_Date"},"6485601":{"id":"6485601","label":"Ordered By","properties":{"defaultValue":"","expression":"","hideExpression":"false","max":null,"min":null,"noLabel":"false","required":"false","unique":"false"},"type":"SINGLE_LINE_TEXT","var":"Ordered_By"},"6485602":{"id":"6485602","label":"Shipped via","properties":{"defaultValue":"","expression":"","hideExpression":"false","max":null,"min":null,"noLabel":"false","required":"false","unique":"false"},"type":"SINGLE_LINE_TEXT","var":"Text_1"},"6485603":{"id":"6485603","label":"FOB","properties":{"defaultValue":"","expression":"","hideExpression":"false","max":null,"min":null,"noLabel":"false","required":"false","unique":"false"},"type":"SINGLE_LINE_TEXT","var":"Text_2"},"6485604":{"id":"6485604","label":"Terms","properties":{"defaultValue":"","expression":"","hideExpression":"false","max":null,"min":null,"noLabel":"false","required":"false","unique":"false"},"type":"SINGLE_LINE_TEXT","var":"Text_3"},"6485605":{"id":"6485605","label":"Approved Date","properties":{"defaultExpression":"NOW","defaultValue":null,"noLabel":"false","required":"false","unique":"false"},"type":"DATE","var":"Approved_Date"},"6485606":{"id":"6485606","label":"System","properties":{"noLabel":"false","open":"false","required":"false"},"type":"GROUP","var":"Field_group"},"6485613":{"id":"6485613","label":"Excel Reference","properties":{"defaultValue":"","expression":"","hideExpression":"false","max":null,"min":null,"noLabel":"false","required":"false","unique":"false"},"type":"SINGLE_LINE_TEXT","var":"Excel_Reference"},"6485655":{"id":"6485655","label":"Sub Total","properties":{"displayScale":null,"expression":"SUM(Amount)","format":"NUMBER","hideExpression":"false","noLabel":"false","required":"false","roundingMode":null,"scale":null,"unit":"$","unitPosition":"BEFORE"},"type":"CALC","var":"Sub_Total"},"6485656":{"id":"6485656","label":"Sales Tax Percentage","properties":{"defaultValue":null,"digit":"false","displayScale":null,"max":null,"min":null,"noLabel":"false","required":"false","roundingMode":null,"scale":null,"unique":"false","unit":"%","unitPosition":"AFTER"},"type":"DECIMAL","var":"Sales_Tax_Percentage"},"6485657":{"id":"6485657","label":"Sales Tax","properties":{"displayScale":null,"expression":"Sub_Total*Sales_Tax_Percentage/100","format":"NUMBER","hideExpression":"false","noLabel":"false","required":"false","roundingMode":null,"scale":null,"unit":"$","unitPosition":"BEFORE"},"type":"CALC","var":"Sales_Tax"},"6485658":{"id":"6485658","label":"Total Amount","properties":{"displayScale":null,"expression":"Sub_Total \u002B Sales_Tax","format":"NUMBER","hideExpression":"false","noLabel":"false","required":"false","roundingMode":null,"scale":null,"unit":"$","unitPosition":"BEFORE"},"type":"CALC","var":"Total_Amount"},"6485665":{"id":"6485665","label":"Source Reference ID","properties":{"defaultValue":null,"digit":"false","displayScale":null,"max":null,"min":null,"noLabel":"false","required":"false","roundingMode":null,"scale":null,"unique":"false","unit":null,"unitPosition":"BEFORE"},"type":"DECIMAL","var":"Source_Reference_ID"},"6485725":{"id":"6485725","label":"Deadlines","properties":{"noLabel":"false","open":"false","required":"false"},"type":"GROUP","var":"Deadlines"},"6485746":{"id":"6485746","label":"Received Date","properties":{"defaultExpression":"NOW","defaultValue":null,"noLabel":"false","required":"false","unique":"false"},"type":"DATE","var":"Received_Date"},"6485748":{"id":"6485748","label":"In Progress Actual","properties":{"defaultExpression":null,"defaultValue":null,"noLabel":"false","required":"false","unique":"false"},"type":"DATE","var":"In_Progress_Actual"},"6485750":{"id":"6485750","label":"Awaiting Shipment Actual","properties":{"defaultExpression":null,"defaultValue":null,"noLabel":"false","required":"false","unique":"false"},"type":"DATE","var":"Awaiting_Shipment_Actual"},"6485752":{"id":"6485752","label":"Resolved Actual","properties":{"defaultExpression":null,"defaultValue":null,"noLabel":"false","required":"false","unique":"false"},"type":"DATE","var":"Resolved_Actual"},"6485755":{"id":"6485755","label":"Assignment Date","properties":{"defaultExpression":null,"defaultValue":null,"noLabel":"false","required":"false","unique":"false"},"type":"DATE","var":"Assignment_Date"},"6485757":{"id":"6485757","label":"IPD Day","properties":{"defaultValue":"","expression":"IF( ( ( (In_Progress_Deadline/ 60 / 60 / 24) - 0) / 7 ) - ROUNDUP(( ( (In_Progress_Deadline/ 60 / 60 / 24) - 0) / 7 ) , 0) = 0 , \"Thursday\",\n  IF( ( ( (In_Progress_Deadline/ 60 / 60 / 24) - 1) / 7 ) - ROUNDUP(( ( (In_Progress_Deadline/ 60 / 60 / 24) - 1) / 7 ) , 0) = 0 , \"Friday\",\n    IF( ( ( (In_Progress_Deadline/ 60 / 60 / 24) - 2) / 7 ) - ROUNDUP(( ( (In_Progress_Deadline/ 60 / 60 / 24) - 2) / 7 ) , 0) = 0 , \"Saturday\",\n      IF( ( ( (In_Progress_Deadline/ 60 / 60 / 24) - 3) / 7 ) - ROUNDUP(( ( (In_Progress_Deadline/ 60 / 60 / 24) - 3) / 7 ) , 0) = 0 , \"Sunday\",\n        IF( ( ( (In_Progress_Deadline/ 60 / 60 / 24) - 4) / 7 ) - ROUNDUP(( ( (In_Progress_Deadline/ 60 / 60 / 24) - 4) / 7 ) , 0) = 0 , \"Monday\",\n          IF( ( ( (In_Progress_Deadline/ 60 / 60 / 24) - 5) / 7 ) - ROUNDUP(( ( (In_Progress_Deadline/ 60 / 60 / 24) - 5) / 7 ) , 0) = 0 , \"Tuesday\",\n            IF( ( ( (In_Progress_Deadline/ 60 / 60 / 24) - 6) / 7 ) - ROUNDUP(( ( (In_Progress_Deadline/ 60 / 60 / 24) - 6) / 7 ) , 0) = 0 , \"Wednesday\",\"N/A\"\n            )\n          )\n        )\n      )\n    )\n  )\n)","hideExpression":"false","max":null,"min":null,"noLabel":"false","required":"false","unique":"false"},"type":"SINGLE_LINE_TEXT","var":"IPD_Day"},"6485758":{"id":"6485758","label":"ASD Day","properties":{"defaultValue":"","expression":"IF( ( ( (Awaiting_Shipment_Deadline/ 60 / 60 / 24) - 0) / 7 ) - ROUNDUP(( ( (Awaiting_Shipment_Deadline/ 60 / 60 / 24) - 0) / 7 ) , 0) = 0 , \"Thursday\",\n  IF( ( ( (Awaiting_Shipment_Deadline/ 60 / 60 / 24) - 1) / 7 ) - ROUNDUP(( ( (Awaiting_Shipment_Deadline/ 60 / 60 / 24) - 1) / 7 ) , 0) = 0 , \"Friday\",\n    IF( ( ( (Awaiting_Shipment_Deadline/ 60 / 60 / 24) - 2) / 7 ) - ROUNDUP(( ( (Awaiting_Shipment_Deadline/ 60 / 60 / 24) - 2) / 7 ) , 0) = 0 , \"Saturday\",\n      IF( ( ( (Awaiting_Shipment_Deadline/ 60 / 60 / 24) - 3) / 7 ) - ROUNDUP(( ( (Awaiting_Shipment_Deadline/ 60 / 60 / 24) - 3) / 7 ) , 0) = 0 , \"Sunday\",\n        IF( ( ( (Awaiting_Shipment_Deadline/ 60 / 60 / 24) - 4) / 7 ) - ROUNDUP(( ( (Awaiting_Shipment_Deadline/ 60 / 60 / 24) - 4) / 7 ) , 0) = 0 , \"Monday\",\n          IF( ( ( (Awaiting_Shipment_Deadline/ 60 / 60 / 24) - 5) / 7 ) - ROUNDUP(( ( (Awaiting_Shipment_Deadline/ 60 / 60 / 24) - 5) / 7 ) , 0) = 0 , \"Tuesday\",\n            IF( ( ( (Awaiting_Shipment_Deadline/ 60 / 60 / 24) - 6) / 7 ) - ROUNDUP(( ( (Awaiting_Shipment_Deadline/ 60 / 60 / 24) - 6) / 7 ) , 0) = 0 , \"Wednesday\",\"N/A\"\n            )\n          )\n        )\n      )\n    )\n  )\n)","hideExpression":"false","max":null,"min":null,"noLabel":"false","required":"false","unique":"false"},"type":"SINGLE_LINE_TEXT","var":"ASD_Day"},"6485759":{"id":"6485759","label":"In Progress Deadline Final","properties":{"displayScale":null,"expression":"IF(IPD_Day = \"Saturday\", In_Progress_Deadline \u002B (60*60*24*2), IF(IPD_Day = \"Sunday\", In_Progress_Deadline \u002B (60*60*24*1), In_Progress_Deadline ))","format":"DATE","hideExpression":"false","noLabel":"false","required":"false","roundingMode":null,"scale":null,"unit":"","unitPosition":"BEFORE"},"type":"CALC","var":"In_Progress_Deadline_Final"},"6485760":{"id":"6485760","label":"RD Day","properties":{"defaultValue":"","expression":"IF( ( ( (Resolved_Deadline/ 60 / 60 / 24) - 0) / 7 ) - ROUNDUP(( ( (Resolved_Deadline/ 60 / 60 / 24) - 0) / 7 ) , 0) = 0 , \"Thursday\",\n  IF( ( ( (Resolved_Deadline/ 60 / 60 / 24) - 1) / 7 ) - ROUNDUP(( ( (Resolved_Deadline/ 60 / 60 / 24) - 1) / 7 ) , 0) = 0 , \"Friday\",\n    IF( ( ( (Resolved_Deadline/ 60 / 60 / 24) - 2) / 7 ) - ROUNDUP(( ( (Resolved_Deadline/ 60 / 60 / 24) - 2) / 7 ) , 0) = 0 , \"Saturday\",\n      IF( ( ( (Resolved_Deadline/ 60 / 60 / 24) - 3) / 7 ) - ROUNDUP(( ( (Resolved_Deadline/ 60 / 60 / 24) - 3) / 7 ) , 0) = 0 , \"Sunday\",\n        IF( ( ( (Resolved_Deadline/ 60 / 60 / 24) - 4) / 7 ) - ROUNDUP(( ( (Resolved_Deadline/ 60 / 60 / 24) - 4) / 7 ) , 0) = 0 , \"Monday\",\n          IF( ( ( (Resolved_Deadline/ 60 / 60 / 24) - 5) / 7 ) - ROUNDUP(( ( (Resolved_Deadline/ 60 / 60 / 24) - 5) / 7 ) , 0) = 0 , \"Tuesday\",\n            IF( ( ( (Resolved_Deadline/ 60 / 60 / 24) - 6) / 7 ) - ROUNDUP(( ( (Resolved_Deadline/ 60 / 60 / 24) - 6) / 7 ) , 0) = 0 , \"Wednesday\",\"N/A\"\n            )\n          )\n        )\n      )\n    )\n  )\n)","hideExpression":"false","max":null,"min":null,"noLabel":"false","required":"false","unique":"false"},"type":"SINGLE_LINE_TEXT","var":"RD_Day"},"6485761":{"id":"6485761","label":"Awaiting Shipment Deadline","properties":{"displayScale":null,"expression":"In_Progress_Deadline_Final\u002B (60*60*24*3)","format":"DATE","hideExpression":"false","noLabel":"false","required":"false","roundingMode":null,"scale":null,"unit":"","unitPosition":"BEFORE"},"type":"CALC","var":"Awaiting_Shipment_Deadline"},"6485762":{"id":"6485762","label":"Awaiting Shipment Deadline Final","properties":{"displayScale":null,"expression":"IF(ASD_Day= \"Saturday\", Awaiting_Shipment_Deadline \u002B (60*60*24*2), IF(ASD_Day= \"Sunday\", Awaiting_Shipment_Deadline \u002B (60*60*24*1), Awaiting_Shipment_Deadline ))","format":"DATE","hideExpression":"false","noLabel":"false","required":"false","roundingMode":null,"scale":null,"unit":"","unitPosition":"BEFORE"},"type":"CALC","var":"Awaiting_Shipment_Deadline_Final"},"6485763":{"id":"6485763","label":"Resolved Deadline","properties":{"displayScale":null,"expression":"Awaiting_Shipment_Deadline_Final \u002B (60*60*24*1)","format":"DATE","hideExpression":"false","noLabel":"false","required":"false","roundingMode":null,"scale":null,"unit":"","unitPosition":"BEFORE"},"type":"CALC","var":"Resolved_Deadline"},"6485764":{"id":"6485764","label":"Resolved Deadline Final","properties":{"displayScale":null,"expression":"IF(RD_Day= \"Saturday\", Resolved_Deadline\u002B (60*60*24*2), IF(RD_Day= \"Sunday\", Resolved_Deadline\u002B (60*60*24*1), Resolved_Deadline))","format":"DATE","hideExpression":"false","noLabel":"false","required":"false","roundingMode":null,"scale":null,"unit":"","unitPosition":"BEFORE"},"type":"CALC","var":"Resolved_Deadline_Final"},"6485771":{"id":"6485771","label":"Dedicated Assignee","properties":{"defaultEntities":[],"defaultSelect":[],"entities":[],"noLabel":"false","required":"false","select":[]},"type":"USER_SELECT","var":"Dedicated_Assignee"},"6485772":{"id":"6485772","label":"In Progress Deadline","properties":{"displayScale":null,"expression":"Assignment_Date \u002B (60*60*24*2)","format":"DATE","hideExpression":"false","noLabel":"false","required":"false","roundingMode":null,"scale":null,"unit":"","unitPosition":"BEFORE"},"type":"CALC","var":"In_Progress_Deadline"},"6485775":{"id":"6485775","label":"Source Record Number (plugin Excel Mapper generated)","properties":{"defaultValue":"","expression":"","hideExpression":"false","max":null,"min":null,"noLabel":"false","required":"false","unique":"false"},"type":"SINGLE_LINE_TEXT","var":"Source_Record_Number_Plugin_Excel_Mapper_Generated"},"6485779":{"id":"6485779","label":"IPD","properties":{"defaultExpression":null,"defaultValue":null,"noLabel":"false","required":"false","unique":"false"},"type":"DATE","var":"IPD"},"6485780":{"id":"6485780","label":"ASD","properties":{"defaultExpression":null,"defaultValue":null,"noLabel":"false","required":"false","unique":"false"},"type":"DATE","var":"ASD"},"6485781":{"id":"6485781","label":"RD","properties":{"defaultExpression":null,"defaultValue":null,"noLabel":"false","required":"false","unique":"false"},"type":"DATE","var":"RD"},"6485784":{"id":"6485784","label":"Days Taken","properties":{"defaultValue":null,"digit":"false","displayScale":null,"max":null,"min":null,"noLabel":"false","required":"false","roundingMode":null,"scale":null,"unique":"false","unit":"","unitPosition":"BEFORE"},"type":"DECIMAL","var":"Days_Taken"},"6485785":{"id":"6485785","label":"Standard Days","properties":{"defaultValue":null,"digit":"false","displayScale":null,"max":null,"min":null,"noLabel":"false","required":"false","roundingMode":null,"scale":null,"unique":"false","unit":"","unitPosition":"BEFORE"},"type":"DECIMAL","var":"Standard_Days"}},"id":"1","label":"__ROOT__","properties":null,"var":"__ROOT__"}},"settingsNotesForm":{"content":null,"willBeInherited":null},"status":{"actions":[{"app":null,"assignees":[],"filter":"6485709","from":"6485705","fromLabel":null,"id":"6485712","label":"Assign PO","record":null,"revision":null,"to":"6485768","toApprovalType":null,"toLabel":null},{"app":null,"assignees":[],"filter":"6485769","from":"6485768","fromLabel":null,"id":"6485770","label":"Process PO","record":null,"revision":null,"to":"6485706","toApprovalType":null,"toLabel":null},{"app":null,"assignees":[],"filter":"6485769","from":"6485768","fromLabel":null,"id":"6485774","label":"Resolve","record":null,"revision":null,"to":"6485708","toApprovalType":null,"toLabel":null},{"app":null,"assignees":[],"filter":"6485710","from":"6485706","fromLabel":null,"id":"6485713","label":"Send for Shipping","record":null,"revision":null,"to":"6485707","toApprovalType":null,"toLabel":null},{"app":null,"assignees":[],"filter":"6485711","from":"6485707","fromLabel":null,"id":"6485714","label":"Resolve","record":null,"revision":null,"to":"6485708","toApprovalType":null,"toLabel":null},{"app":null,"assignees":[],"filter":"6485730","from":"6485708","fromLabel":null,"id":"6485731","label":"Reset","record":null,"revision":null,"to":"6485705","toApprovalType":null,"toLabel":null}],"filters":[{"condition":"","id":"6485709","state":"6485705"},{"condition":"","id":"6485769","state":"6485768"},{"condition":"","id":"6485710","state":"6485706"},{"condition":"","id":"6485711","state":"6485707"},{"condition":"","id":"6485730","state":"6485708"}],"initialStateId":"6485705","states":[{"approvalType":"ONE","assignees":[],"id":"6485705","initial":true,"label":"Not Assigned","valid":true},{"approvalType":"ONE","assignees":[{"entityId":"7532782697181632513","entityName":"Everyone","entityType":"GROUP","includeSubs":"false"}],"id":"6485768","initial":false,"label":"PO Received","valid":true},{"approvalType":"ONE","assignees":[{"entityId":"6485771","entityName":"Dedicated Assignee","entityType":"FIELD_ENTITY","includeSubs":"false"}],"id":"6485706","initial":false,"label":"In Progress","valid":true},{"approvalType":"ONE","assignees":[{"entityId":"6485771","entityName":"Dedicated Assignee","entityType":"FIELD_ENTITY","includeSubs":"false"}],"id":"6485707","initial":false,"label":"Awaiting Shipment","valid":true},{"approvalType":"ONE","assignees":[{"entityId":"6485771","entityName":"Dedicated Assignee","entityType":"FIELD_ENTITY","includeSubs":"false"}],"id":"6485708","initial":false,"label":"Resolved","valid":true}],"useStatus":"true"},"uuid":"e7bf8d5f-9615-4ae3-b79b-1a98f70c3e82","views":[{"advancedMode":"false","builtinType":"ASSIGN","device":null,"fields":[{"row":[{"columnWidth":null,"id":"6485573"},{"columnWidth":null,"id":"6485582"},{"columnWidth":null,"id":"6485583"},{"columnWidth":null,"id":"6485584"},{"columnWidth":null,"id":"6485585"},{"columnWidth":null,"id":"6485586"},{"columnWidth":null,"id":"6485587"},{"columnWidth":null,"id":"6485588"},{"columnWidth":null,"id":"6485589"},{"columnWidth":null,"id":"6485590"},{"columnWidth":null,"id":"6485591"},{"columnWidth":null,"id":"6485592"},{"columnWidth":null,"id":"6485598"},{"columnWidth":null,"id":"6485599"},{"columnWidth":null,"id":"6485600"},{"columnWidth":null,"id":"6485601"},{"columnWidth":null,"id":"6485602"},{"columnWidth":null,"id":"6485603"},{"columnWidth":null,"id":"6485604"},{"columnWidth":null,"id":"6485605"},{"columnWidth":null,"id":"6485613"},{"columnWidth":null,"id":"6485655"},{"columnWidth":null,"id":"6485656"},{"columnWidth":null,"id":"6485657"},{"columnWidth":null,"id":"6485658"},{"columnWidth":null,"id":"6485665"},{"columnWidth":null,"id":"6485578"},{"columnWidth":null,"id":"6485579"}]}],"filter":{"category":null,"offset":null,"order":[],"q":"f6485579 in (LOGINUSER())","size":null,"sort":[]},"html":null,"keyFieldId":null,"name":"(Assigned to me)","pager":null,"revision":null,"titleFieldId":null,"view":"6485716","viewType":"LIST"},{"advancedMode":"false","builtinType":null,"device":null,"fields":[{"row":[{"columnWidth":null,"id":"6485573"},{"columnWidth":null,"id":"6485582"}]}],"filter":{"category":null,"offset":null,"order":["DESC"],"q":null,"size":null,"sort":["f6485573"]},"html":null,"keyFieldId":null,"name":"View1","pager":null,"revision":null,"titleFieldId":null,"view":"6485790","viewType":"LIST"},{"advancedMode":null,"builtinType":"ALL","device":null,"fields":[{"row":[{"columnWidth":null,"id":"6485573"},{"columnWidth":null,"id":"6485582"},{"columnWidth":null,"id":"6485583"},{"columnWidth":null,"id":"6485584"},{"columnWidth":null,"id":"6485585"},{"columnWidth":null,"id":"6485586"},{"columnWidth":null,"id":"6485587"},{"columnWidth":null,"id":"6485588"},{"columnWidth":null,"id":"6485589"},{"columnWidth":null,"id":"6485590"},{"columnWidth":null,"id":"6485591"},{"columnWidth":null,"id":"6485592"},{"columnWidth":null,"id":"6485598"},{"columnWidth":null,"id":"6485599"},{"columnWidth":null,"id":"6485600"},{"columnWidth":null,"id":"6485601"},{"columnWidth":null,"id":"6485602"},{"columnWidth":null,"id":"6485603"},{"columnWidth":null,"id":"6485604"},{"columnWidth":null,"id":"6485605"},{"columnWidth":null,"id":"6485613"},{"columnWidth":null,"id":"6485655"},{"columnWidth":null,"id":"6485656"},{"columnWidth":null,"id":"6485657"},{"columnWidth":null,"id":"6485658"},{"columnWidth":null,"id":"6485665"},{"columnWidth":null,"id":"6485578"},{"columnWidth":null,"id":"6485579"},{"columnWidth":null,"id":"6485746"},{"columnWidth":null,"id":"6485748"},{"columnWidth":null,"id":"6485750"},{"columnWidth":null,"id":"6485752"},{"columnWidth":null,"id":"6485755"},{"columnWidth":null,"id":"6485757"},{"columnWidth":null,"id":"6485758"},{"columnWidth":null,"id":"6485759"},{"columnWidth":null,"id":"6485760"},{"columnWidth":null,"id":"6485761"},{"columnWidth":null,"id":"6485762"},{"columnWidth":null,"id":"6485763"},{"columnWidth":null,"id":"6485764"},{"columnWidth":null,"id":"6485771"},{"columnWidth":null,"id":"6485772"},{"columnWidth":null,"id":"6485775"},{"columnWidth":null,"id":"6485779"},{"columnWidth":null,"id":"6485780"},{"columnWidth":null,"id":"6485781"},{"columnWidth":null,"id":"6485784"},{"columnWidth":null,"id":"6485785"}]}],"filter":{"category":null,"offset":null,"order":[],"q":null,"size":null,"sort":[]},"html":null,"keyFieldId":null,"name":"(All records)","pager":null,"revision":null,"titleFieldId":null,"view":"20","viewType":"LIST"}]}],"description":"","iconKey":"2024062809174219748C249CBE476AAF1EAB88776CC694071","iconMeta":{"internalName":null,"mime":"image/png","name":"purchase order.png"},"iconSrcAppId":"e7bf8d5f-9615-4ae3-b79b-1a98f70c3e82","iconType":"BLOB","imagesMeta":[],"lookups":[{"actingAppId":"e7bf8d5f-9615-4ae3-b79b-1a98f70c3e82","fieldMappings":[{"fieldId":"6485785","targetFieldId":"6485773"}],"keyMapping":{"fieldId":"6485665","targetFieldId":"6485561"},"listFields":[],"query":{"category":null,"offset":null,"order":["desc"],"q":"order by f6485561 desc","size":null,"sort":["f6485561"]},"targetAppId":"459e9a79-80e7-46e4-99d6-bc5a03beae71"}],"name":"Purchase Order","references":[],"version":"41"}